# 客户端链式信件登记（quest_id, entry_page, 阶段1, 阶段2, ...）
# 每阶段列 = `p1>p2>...:advance`：页面梯从按钮图导出（按钮动作 id = 本任务页 id → 导航边；SETPRO*/SET_SUCCEED/1009 → 推进动作），梯尾冒号后为推进动作 id
# 来源：quest-dialog-pages.csv + quest-dialog-action-details.csv
# 生成：python3 -B .agents/summary/scriptdll-quest-driver/build_quest_client_talk_chain_pages.py
# 语义：DataDriven Talk 链行的接取入口页与逐阶段页面梯 + 推进动作；已在 handin / talk（无进度）登记的任务不进本表
1868	4762	1011>1012>1097:10000
1871	4762	1011:10000	1352>1353:10001	1693>1694>1695:10255
2868	4762	1011>1012>1097:10000
2871	4762	1011:10000	1352>1353:10001	1693>1694>1695:10255
3044	4762	1011:1009
3056	4762	1011>1012:10001
9666	4762	1011:10000
9699	4762	1011:10255
9714	4762	1011>1012:10255
9715	4762	1011>1012:10255
11323	4762	1011:10000	1352:10001	1693:10002	2034:10003	2375:10255
11400	4762	1011:10000
11512	4762	1011:10000	1352:10001
12004	4762	1011:10000
13048	4762	1011:10000
13403	4762	1011>1012>1013:10000
13817	4762	1011:10255
13945	4762	1011:10000
13950	4762	1011>1012>1013:10000	1352>1353>1354:10001
13954	4762	1011>1012>1013:10000	1352>1353>1354:10001
14220	4762	1011:10000	1352>1353:10001	1693>1694:10001	2034>2035:10001	2375>2376:10001
14262	4762	1011:10255
14263	4762	1011:10000
15101	4762	1011:10000
15321	4762	1011>1012:10000
15401	4762	1011:10255
15456	4762	1011>1012:10255
15459	4762	1011>1012:10255
15462	4762	1011>1012:10255
15590	4762	1011:10000	1352:10001	1693:10002	2034:10255
15591	4762	1011:10000	1352:1009
15592	4762	1011:10000	1352:1009
15593	4762	1011:10000	1352:1009
16820	4762	1011:10000
16835	4762	1011:10000
16997	4762	1011:10000
16998	4762	1011:10000
16999	4762	1011:10000
17505	4762	1011>1012:10000
17520	4762	1011:10000
18315	4762	1011:10255
18970	4762	1011:10255
18980	4762	1011:10000
18981	4762	1011:10000
18982	4762	1011:10000
18983	4762	1011:10000
18984	4762	1011:10000
18985	4762	1011:10000
18990	4762	1011:10000
18992	4762	1011:10000
18994	4762	1011:10000
18996	4762	1011:10000	1352:10001
19602	4762	1011:10255
19608	4762	1011:10255
19666	4762	1011:10000	1352:10255
19670	4762	1011:10000	1352>1353:10255
19671	4762	1011:10255
19678	4762	1011:10255
19679	4762	1011:10255
19683	4762	1011:10255
21323	4762	1011:10000	1352:10001	1693:10002	2034:10003	2375:10255
21400	4762	1011:10000
22004	4762	1011:10000
23048	4762	1011:10000
23403	4762	1011>1012>1013:10000
23817	4762	1011:10255
23945	4762	1011:10000
23950	4762	1011>1012>1013:10000	1352>1353>1354:10001
23954	4762	1011>1012>1013:10000	1352>1353>1354:10001
24220	4762	1011:10000	1352>1353:10001	1693>1694:10001	2034>2035:10001	2375>2376:10001
24262	4762	1011:10255
24263	4762	1011:10000
25321	4762	1011>1012:10000
25401	4762	1011:10255
25456	4762	1011>1012:10255
25459	4762	1011>1012:10255
25462	4762	1011>1012:10255
25590	4762	1011:10000	1352:10001	1693:10002	2034:10255
25591	4762	1011:10000	1352:1009
25592	4762	1011:10000	1352:1009
25593	4762	1011:10000	1352:1009
25680	4762	1011:10000	1352:10001
26820	4762	1011:10000
26835	4762	1011:10000
26997	4762	1011:10000
26998	4762	1011:10000
26999	4762	1011:10000
27505	4762	1011>1012:10000
27520	4762	1011:10000
28315	4762	1011:10255
28970	4762	1011:10255
28980	4762	1011:10000
28981	4762	1011:10000
28982	4762	1011:10000
28983	4762	1011:10000
28984	4762	1011:10000
28985	4762	1011:10000
28990	4762	1011:10000
28992	4762	1011:10000
28994	4762	1011:10000
28996	4762	1011:10000	1352:10001
29602	4762	1011:10255
29608	4762	1011:10255
29666	4762	1011:10000	1352:10255
29670	4762	1011:10000	1352>1353:10255
29671	4762	1011:10255
29678	4762	1011:10255
29679	4762	1011:10255
29683	4762	1011:10255
30405	4762	1011:10000
30455	4762	1011:10000
30461	4762	1011:10000
30503	4762	1011:10255
30553	4762	1011:10255
30721	4762	1011>1012:10000	1352>1353:10001
30771	4762	1011>1012:10000	1352>1353:10001
41162	4762	1011:10000
41170	4762	1011:10000
41204	4762	1011:10000
41254	4762	1011:10255
41527	4762	1011:10000
41537	4762	1011:10000
41551	4762	1011:10000
80990	4762	1011:10255
