# Aion 5.8 客户端接取 NPC 集合投影（quest_id \t npc_id,npc_id,...）
# 来源：客户端对话映射 legacy-quest-dialog-contracts.csv 的 start_type=TALK 且 start_npc_ids 多于一个的行
# source_sha256=85016518d757e07f829c5a92fa8189053f65d9db865b1ee34690079486b6adb7
# 消费：RetailSimpleTalkDefinitionCompiler / RetailSimpleItemPlayDefinitionCompiler——真端名解析出 >1 id 时与该集合逐元素对拍，不等即 fail-closed
5000	203788,830062
5001	203788,830062
5002	203788,830062
5003	203788,830062
5004	203788,830062
5005	203788,830062
5006	203788,830062
5007	203788,830062
5008	203788,830062
5009	203788,830062
5010	203788,830062
5011	203788,830062
5012	203788,830062
5013	203788,830062
5014	203788,830062
5015	203788,830062
5016	203788,830062
5017	203788,830062
5018	203788,830062
5019	203788,830062
5020	203788,830062
5021	203788,830062
5022	203788,830062
5023	203788,830062
5024	203788,830062
5025	203788,830062
5026	203788,830062
5027	203788,830062
5028	203788,830062
5029	203788,830062
5030	203788,830062
5031	203788,830062
5032	203788,830062
5033	203788,830062
5034	203788,830062
5035	203788,830062
5036	203788,830062
5037	203788,830062
5038	203788,830062
5039	203788,830062
5040	203788,830062
5100	203790,830060
5101	203790,830060
5102	203790,830060
5103	203790,830060
5104	203790,830060
5105	203790,830060
5106	203790,830060
5107	203790,830060
5108	203790,830060
5109	203790,830060
5110	203790,830060
5111	203790,830060
5112	203790,830060
5113	203790,830060
5114	203790,830060
5115	203790,830060
5116	203790,830060
5117	203790,830060
5118	203790,830060
5119	203790,830060
5120	203790,830060
5121	203790,830060
5122	203790,830060
5123	203790,830060
5124	203790,830060
5125	203790,830060
5126	203790,830060
5127	203790,830060
5128	203790,830060
5129	203790,830060
5130	203790,830060
5131	203790,830060
5132	203790,830060
5133	203790,830060
5134	203790,830060
5135	203790,830060
5136	203790,830060
5137	203790,830060
5138	203790,830060
5139	203790,830060
5140	203790,830060
5200	203793,830052
5201	203793,830052
5202	203793,830052
5203	203793,830052
5204	203793,830052
5205	203793,830052
5206	203793,830052
5207	203793,830052
5208	203793,830052
5209	203793,830052
5210	203793,830052
5211	203793,830052
5212	203793,830052
5213	203793,830052
5214	203793,830052
5215	203793,830052
5216	203793,830052
5217	203793,830052
5218	203793,830052
5219	203793,830052
5220	203793,830052
5221	203793,830052
5222	203793,830052
5223	203793,830052
5224	203793,830052
5225	203793,830052
5226	203793,830052
5227	203793,830052
5228	203793,830052
5229	203793,830052
5230	203793,830052
5231	203793,830052
5232	203793,830052
5233	203793,830052
5234	203793,830052
5235	203793,830052
5236	203793,830052
5237	203793,830052
5238	203793,830052
5239	203793,830052
5240	203793,830052
5300	203792,830056
5301	203792,830056
5302	203792,830056
5303	203792,830056
5304	203792,830056
5305	203792,830056
5306	203792,830056
5307	203792,830056
5308	203792,830056
5309	203792,830056
5310	203792,830056
5311	203792,830056
5312	203792,830056
5313	203792,830056
5314	203792,830056
5315	203792,830056
5316	203792,830056
5317	203792,830056
5318	203792,830056
5319	203792,830056
5320	203792,830056
5321	203792,830056
5322	203792,830056
5323	203792,830056
5324	203792,830056
5325	203792,830056
5326	203792,830056
5327	203792,830056
5328	203792,830056
5329	203792,830056
5330	203792,830056
5331	203792,830056
5332	203792,830056
5333	203792,830056
5334	203792,830056
5335	203792,830056
5336	203792,830056
5337	203792,830056
5338	203792,830056
5339	203792,830056
5340	203792,830056
5400	203786,830054
5401	203786,830054
5402	203786,830054
5403	203786,830054
5404	203786,830054
5405	203786,830054
5406	203786,830054
5407	203786,830054
5408	203786,830054
5409	203786,830054
5410	203786,830054
5411	203786,830054
5412	203786,830054
5413	203786,830054
5414	203786,830054
5415	203786,830054
5416	203786,830054
5417	203786,830054
5418	203786,830054
5419	203786,830054
5420	203786,830054
5421	203786,830054
5422	203786,830054
5423	203786,830054
5424	203786,830054
5425	203786,830054
5426	203786,830054
5427	203786,830054
5428	203786,830054
5429	203786,830054
5430	203786,830054
5431	203786,830054
5432	203786,830054
5433	203786,830054
5434	203786,830054
5435	203786,830054
5436	203786,830054
5437	203786,830054
5438	203786,830054
5439	203786,830054
5440	203786,830054
5500	203784,830058
5501	203784,830058
5502	203784,830058
5503	203784,830058
5504	203784,830058
5505	203784,830058
5506	203784,830058
5507	203784,830058
5508	203784,830058
5509	203784,830058
5510	203784,830058
5511	203784,830058
5512	203784,830058
5513	203784,830058
5514	203784,830058
5515	203784,830058
5516	203784,830058
5517	203784,830058
5518	203784,830058
5519	203784,830058
5520	203784,830058
5521	203784,830058
5522	203784,830058
5523	203784,830058
5524	203784,830058
5525	203784,830058
5526	203784,830058
5527	203784,830058
5528	203784,830058
5529	203784,830058
5530	203784,830058
5531	203784,830058
5532	203784,830058
5533	203784,830058
5534	203784,830058
5535	203784,830058
5536	203784,830058
5537	203784,830058
5538	203784,830058
5539	203784,830058
5540	203784,830058
5541	798450,798454
5542	798450,798454
5543	798450,798454
5544	798450,798454
5545	798450,798454
5546	798450,798454
5547	798450,798454
5548	798450,798454
5549	798450,798454
5550	798450,798454
5551	798450,798454
5552	798450,798454
5553	798450,798454
5554	798450,798454
5555	798450,798454
5556	798450,798454
5557	798450,798454
5558	798450,798454
5559	798450,798454
5560	798450,798454
5561	798450,798454
5562	798450,798454
5563	798450,798454
5564	798450,798454
5565	798450,798454
5566	798450,798454
5567	798450,798454
5568	798450,798454
5569	798450,798454
5570	798450,798454
5571	798450,798454
5572	798450,798454
5573	798450,798454
5574	798450,798454
5575	798450,798454
5576	798450,798454
5577	798450,798454
5578	798450,798454
5579	798450,798454
5580	798450,798454
5581	798450,798454
6000	204104,830146
6001	204104,830146
6002	204104,830146
6003	204104,830146
6004	204104,830146
6005	204104,830146
6006	204104,830146
6007	204104,830146
6008	204104,830146
6009	204104,830146
6010	204104,830146
6011	204104,830146
6012	204104,830146
6013	204104,830146
6014	204104,830146
6015	204104,830146
6016	204104,830146
6017	204104,830146
6018	204104,830146
6019	204104,830146
6020	204104,830146
6021	204104,830146
6022	204104,830146
6023	204104,830146
6024	204104,830146
6025	204104,830146
6026	204104,830146
6027	204104,830146
6028	204104,830146
6029	204104,830146
6030	204104,830146
6031	204104,830146
6032	204104,830146
6033	204104,830146
6034	204104,830146
6035	204104,830146
6036	204104,830146
6037	204104,830146
6038	204104,830146
6039	204104,830146
6040	204104,830146
6100	204106,830144
6101	204106,830144
6102	204106,830144
6103	204106,830144
6104	204106,830144
6105	204106,830144
6106	204106,830144
6107	204106,830144
6108	204106,830144
6109	204106,830144
6110	204106,830144
6111	204106,830144
6112	204106,830144
6113	204106,830144
6114	204106,830144
6115	204106,830144
6116	204106,830144
6117	204106,830144
6118	204106,830144
6119	204106,830144
6120	204106,830144
6121	204106,830144
6122	204106,830144
6123	204106,830144
6124	204106,830144
6125	204106,830144
6126	204106,830144
6127	204106,830144
6128	204106,830144
6129	204106,830144
6130	204106,830144
6131	204106,830144
6132	204106,830144
6133	204106,830144
6134	204106,830144
6135	204106,830144
6136	204106,830144
6137	204106,830144
6138	204106,830144
6139	204106,830144
6140	204106,830144
6200	204110,830136
6201	204110,830136
6202	204110,830136
6203	204110,830136
6204	204110,830136
6205	204110,830136
6206	204110,830136
6207	204110,830136
6208	204110,830136
6209	204110,830136
6210	204110,830136
6211	204110,830136
6212	204110,830136
6213	204110,830136
6214	204110,830136
6215	204110,830136
6216	204110,830136
6217	204110,830136
6218	204110,830136
6219	204110,830136
6220	204110,830136
6221	204110,830136
6222	204110,830136
6223	204110,830136
6224	204110,830136
6225	204110,830136
6226	204110,830136
6227	204110,830136
6228	204110,830136
6229	204110,830136
6230	204110,830136
6231	204110,830136
6232	204110,830136
6233	204110,830136
6234	204110,830136
6235	204110,830136
6236	204110,830136
6237	204110,830136
6238	204110,830136
6239	204110,830136
6240	204110,830136
6300	204108,830140
6301	204108,830140
6302	204108,830140
6303	204108,830140
6304	204108,830140
6305	204108,830140
6306	204108,830140
6307	204108,830140
6308	204108,830140
6309	204108,830140
6310	204108,830140
6311	204108,830140
6312	204108,830140
6313	204108,830140
6314	204108,830140
6315	204108,830140
6316	204108,830140
6317	204108,830140
6318	204108,830140
6319	204108,830140
6320	204108,830140
6321	204108,830140
6322	204108,830140
6323	204108,830140
6324	204108,830140
6325	204108,830140
6326	204108,830140
6327	204108,830140
6328	204108,830140
6329	204108,830140
6330	204108,830140
6331	204108,830140
6332	204108,830140
6333	204108,830140
6334	204108,830140
6335	204108,830140
6336	204108,830140
6337	204108,830140
6338	204108,830140
6339	204108,830140
6340	204108,830140
6400	204102,830138
6401	204102,830138
6402	204102,830138
6403	204102,830138
6404	204102,830138
6405	204102,830138
6406	204102,830138
6407	204102,830138
6408	204102,830138
6409	204102,830138
6410	204102,830138
6411	204102,830138
6412	204102,830138
6413	204102,830138
6414	204102,830138
6415	204102,830138
6416	204102,830138
6417	204102,830138
6418	204102,830138
6419	204102,830138
6420	204102,830138
6421	204102,830138
6422	204102,830138
6423	204102,830138
6424	204102,830138
6425	204102,830138
6426	204102,830138
6427	204102,830138
6428	204102,830138
6429	204102,830138
6430	204102,830138
6431	204102,830138
6432	204102,830138
6433	204102,830138
6434	204102,830138
6435	204102,830138
6436	204102,830138
6437	204102,830138
6438	204102,830138
6439	204102,830138
6440	204102,830138
6500	204100,830142
6501	204100,830142
6502	204100,830142
6503	204100,830142
6504	204100,830142
6505	204100,830142
6506	204100,830142
6507	204100,830142
6508	204100,830142
6509	204100,830142
6510	204100,830142
6511	204100,830142
6512	204100,830142
6513	204100,830142
6514	204100,830142
6515	204100,830142
6516	204100,830142
6517	204100,830142
6518	204100,830142
6519	204100,830142
6520	204100,830142
6521	204100,830142
6522	204100,830142
6523	204100,830142
6524	204100,830142
6525	204100,830142
6526	204100,830142
6527	204100,830142
6528	204100,830142
6529	204100,830142
6530	204100,830142
6531	204100,830142
6532	204100,830142
6533	204100,830142
6534	204100,830142
6535	204100,830142
6536	204100,830142
6537	204100,830142
6538	204100,830142
6539	204100,830142
6540	204100,830142
6541	798452,798456
6542	798452,798456
6543	798452,798456
6544	798452,798456
6545	798452,798456
6546	798452,798456
6547	798452,798456
6548	798452,798456
6549	798452,798456
6550	798452,798456
6551	798452,798456
6552	798452,798456
6553	798452,798456
6554	798452,798456
6555	798452,798456
6556	798452,798456
6557	798452,798456
6558	798452,798456
6559	798452,798456
6560	798452,798456
6561	798452,798456
6562	798452,798456
6563	798452,798456
6564	798452,798456
6565	798452,798456
6566	798452,798456
6567	798452,798456
6568	798452,798456
6569	798452,798456
6570	798452,798456
6571	798452,798456
6572	798452,798456
6573	798452,798456
6574	798452,798456
6575	798452,798456
6576	798452,798456
6577	798452,798456
6578	798452,798456
6579	798452,798456
6580	798452,798456
6581	798452,798456
11279	799945,205553
11280	799946,205554
11281	799947,205555
11282	799948,205556
11283	799953,205539
11284	799954,205540
11285	799955,205541
11286	799956,205542
13758	805269,805270,805271
13759	805269,805270,805271
13760	805269,805270,805271
13761	805275,805276,805277
13762	805275,805276,805277
13763	805275,805276,805277
13764	805272,805273,805274
13765	805272,805273,805274
13766	805272,805273,805274
13767	805278,805279,805280
13768	805278,805279,805280
13769	805278,805279,805280
14210	802464,802660,802661,802662
14211	804749,804750,804751,804752
15205	701429,804788
15476	805809,805810,805811
15477	805812,805813,805814
15478	805799,805801,805803
15479	805800,805802,805804
15480	805805,805806,805807,805808
18742	206378,206379,206380
18743	206378,206379,206380
18745	206378,206379,206380
18806	810017,810018,810019,810020,810021
18821	810017,810018,810019,810020,810021
18828	810017,810018,810019,810020,810021
18829	810017,810018,810019,810020,810021
18850	831210,831252,831413,801368
21281	799949,205621
21282	799950,205622
21283	799951,205623
21284	799952,205624
21285	799957,205634
21286	799958,205635
21287	799959,205636
21288	799960,205637
23758	805291,805292,805293
23759	805291,805292,805293
23760	805291,805292,805293
23761	805285,805286,805287
23762	805285,805286,805287
23763	805285,805286,805287
23764	805288,805289,805290
23765	805288,805289,805290
23766	805288,805289,805290
23767	805282,805283,805284
23768	805282,805283,805284
23769	805282,805283,805284
24210	802464,802660,802661,802662
24211	804749,804750,804751,804752
25205	701430,804759
25476	805826,805827,805828
25477	805829,805830,805831
25478	805816,805818,805820
25479	805817,805819,805821
25480	805822,805823,805824,805825
28742	206395,206396,206397
28743	206395,206396,206397
28745	206395,206396,206397
28806	810022,810023,810024,810025,810026
28821	810022,810023,810024,810025,810026
28828	810022,810023,810024,810025,810026
28829	810022,810023,810024,810025,810026
28850	831235,831253,831414,801360
50011	831032,831038
50012	831032,831038
50042	832850,832851
50043	832850,832851
50047	833051,833052
50048	833051,833052
50052	833982,833983
50053	833982,833983
50054	833982,833983
50055	833982,833983
50056	833982,833983
50057	833982,833983
50058	833987,833988
50065	833982,833983
50068	835468,835469
50069	835468,835469
50072	835542,835543
50073	835570,835571
50074	835570,835571
50088	835542,835543
50089	835680,835681
50090	835680,835681
50091	835680,835681
50092	835680,835681
50094	835680,835681
50095	835820,835821
50104	836197,836198
50105	836197,836198
50107	836197,836198
50108	836258,836259
51011	831033,831039
51012	831033,831039
51042	832850,832851
51043	832850,832851
