# Aion 5.8 客户端交付 NPC 集合投影（quest_id \t npc_id,npc_id,...）
# 来源：客户端对话映射 legacy-quest-dialog-contracts.csv 的 end_npc_ids 多于一个的行（客户端声明的交付/领奖 NPC 集）
# source_sha256=85016518d757e07f829c5a92fa8189053f65d9db865b1ee34690079486b6adb7
# 消费：RetailSimpleTalkDefinitionCompiler / RetailSimpleItemPlayDefinitionCompiler——真端名解析出 >1 id 时与该集合逐元素对拍，不等即 fail-closed
13758	805269,805270,805271
13759	805269,805270,805271
13760	805269,805270,805271
13761	805275,805276,805277
13762	805275,805276,805277
13763	805275,805276,805277
13764	805272,805273,805274
13765	805272,805273,805274
13766	805272,805273,805274
13767	805278,805279,805280
13768	805278,805279,805280
13769	805278,805279,805280
14210	802465,802663,802664,802665
14211	804749,804750,804751,804752
15476	805809,805810,805811
15477	805812,805813,805814
15478	805799,805801,805803
15479	805800,805802,805804
15480	805805,805806,805807,805808
18737	206378,206379,206380
18821	810017,810018,810019,810020,810021
18827	810017,810018,810019,810020,810021
18828	810017,810018,810019,810020,810021
18831	810017,810018,810019,810020,810021
23758	805291,805292,805293
23759	805291,805292,805293
23760	805291,805292,805293
23761	805285,805286,805287
23762	805285,805286,805287
23763	805285,805286,805287
23764	805288,805289,805290
23765	805288,805289,805290
23766	805288,805289,805290
23767	805282,805283,805284
23768	805282,805283,805284
23769	805282,805283,805284
24210	802465,802663,802664,802665
24211	804749,804750,804751,804752
25476	805826,805827,805828
25477	805829,805830,805831
25478	805816,805818,805820
25479	805817,805819,805821
25480	805822,805823,805824,805825
28737	206395,206396,206397
28821	810022,810023,810024,810025,810026
28827	810022,810023,810024,810025,810026
28828	810022,810023,810024,810025,810026
28831	810022,810023,810024,810025,810026
30722	804897,804898
30772	804897,804898
35021	799800,799801
35022	799800,799801
35023	799800,799801
35024	799800,799801
35025	799800,799801
35026	799800,799801
35027	799800,799801
35028	799800,799801
35029	799800,799801
35030	799800,799801
35045	799800,799801
35046	799800,799801
35047	799800,799801
35048	799800,799801
35049	799800,799801
35050	799800,799801
35051	799800,799801
35505	799825,799826
35509	799825,799826
36015	799837,799838
36016	799837,799838
36500	799837,799838
36502	799837,799838
36503	799837,799838
36504	799837,799838
36505	799837,799838
36506	799837,799838
36508	799837,799838
36509	799837,799838
36510	799837,799838
36511	799837,799838
36512	799837,799838
36514	799837,799838
36515	799837,799838
36516	799837,799838
36517	799837,799838
36518	799837,799838
36519	799837,799838
36520	799837,799838
36521	799837,799838
36522	799837,799838
36523	799837,799838
36524	799837,799838
36525	799837,799838
36526	799837,799838
36527	799837,799838
36528	799837,799838
39601	800922,800923
39603	800922,800923
39604	800922,800923
39605	800922,800923
39607	800922,800923
39608	800922,800923
39609	800927,800928
39610	800927,800928
39612	800927,800928
39613	800927,800928
39615	800927,800928
39701	800931,800932
39702	800936,800937,800938
39706	800931,800932
39707	800931,800932
39708	800931,800932
39709	800936,800937,800938
39710	800936,800937,800938
39711	800936,800937,800938
39712	800936,800937,800938
39713	800936,800937,800938
39715	800936,800937,800938
45021	799842,799843
45022	799842,799843
45023	799842,799843
45024	799842,799843
45025	799842,799843
45026	799842,799843
45027	799842,799843
45028	799842,799843
45029	799842,799843
45030	799842,799843
45045	799842,799843
45046	799842,799843
45047	799842,799843
45048	799842,799843
45049	799842,799843
45050	799842,799843
45051	799842,799843
45505	799865,799866
45509	799865,799866
46015	799882,799883
46016	799882,799883
46500	799882,799883
46502	799882,799883
46503	799882,799883
46504	799882,799883
46505	799882,799883
46506	799882,799883
46508	799882,799883
46509	799882,799883
46510	799882,799883
46511	799882,799883
46512	799882,799883
46514	799882,799883
46516	799882,799883
46517	799882,799883
46520	799882,799883
46521	799882,799883
46522	799882,799883
46523	799882,799883
46524	799882,799883
46525	799882,799883
46526	799882,799883
46527	799882,799883
46528	799882,799883
49601	800925,800926
49603	800925,800926
49604	800925,800926
49605	800925,800926
49607	800925,800926
49608	800925,800926
49609	800925,800926
49610	800929,800928,800927
49612	800929,800928,800927
49613	800929,800928,800927
49615	800929,800928,800927
49701	800934,800935
49702	800934,800935
49706	800934,800935
49707	800934,800935
49708	800934,800935
49709	800934,800935
49710	800936,800937,800938
49711	800936,800937,800938
49712	800936,800937,800938
49713	800934,800935
49715	800934,800935
50042	832850,832851
50043	832850,832851
50047	833051,833052
50048	833051,833052
50052	833982,833983
50053	833982,833983
50054	833982,833983
50055	833982,833983
50056	833982,833983
50057	833982,833983
50058	833987,833988
50065	833982,833983
50068	835468,835469
50069	835468,835469
50072	835542,835543
50073	835570,835571
50074	835570,835571
50088	835542,835543
50089	835680,835681
50090	835680,835681
50091	835680,835681
50092	835680,835681
50094	835680,835681
50095	835820,835821
50104	836197,836198
50105	836197,836198
50107	836197,836198
50108	836258,836259
51042	832850,832851
51043	832850,832851
