table	source_ref	source_sha256	repo_path	repo_sha256	encoding	transformation	rows
HtmlPages.xml	<真端根>/Map/XML/HtmlPages.xml	91ea9a0fcae2afe80cbd49a6aabbf837c5c81eb0e192f2264113087735d7818b	retail/HtmlPages.xml	91ea9a0fcae2afe80cbd49a6aabbf837c5c81eb0e192f2264113087735d7818b	UTF-16LE(BOM)	BYTE_IDENTICAL	5904
challenge_task.xml	<真端根>/Map/XML/challenge_task.xml	afbd0f501795cdd7599d37cccdf187dd3858f2f93d03faf00b16d84f0f25375c	retail/challenge_task.xml	afbd0f501795cdd7599d37cccdf187dd3858f2f93d03faf00b16d84f0f25375c	UTF-16LE(BOM)	BYTE_IDENTICAL	123
quest_random_rewards.xml	<真端根>/Map/XML/quest_random_rewards.xml	a897217299349a33a8d60533b962d953b897e8c058f104dfefd8b1257e7f968f	retail/quest_random_rewards.xml	a897217299349a33a8d60533b962d953b897e8c058f104dfefd8b1257e7f968f	UTF-16LE(BOM)	BYTE_IDENTICAL	817
npcfactions_quest.xml	<真端根>/Map/XML/npcfactions_quest.xml	f1b63f6afd90796cac03cecdd38746e4be01f685dfcc52b4ab20e33bcd02a356	retail/npcfactions_quest.xml	f1b63f6afd90796cac03cecdd38746e4be01f685dfcc52b4ab20e33bcd02a356	UTF-16LE(BOM)	BYTE_IDENTICAL	436
quest.xml	<真端根>/Map/XML/quest.xml	850b7afc85e60ad01d55ddc9e8a73e2077b985fb405455510a655988d068132c	retail/quest.xml	33f27ae3d85e463fdd6ad45ef55202493361a338d1b19feaf5bb0fb80d26e0e4	UTF-8	CONVERTED_UTF8_WHITESPACE_NORMALIZED(P0a token-semantic-equal)	10035
data_driven_quest.xml	<真端根>/Map/XML/data_driven_quest.xml	624195b8afed12d648ff3896f502daa040d02826d492509873da4e2b8592b609	retail/data_driven_quest.xml	51eda113d3422a4cc5074aa95aaaecb96798750fd5a29dd0caee938f517b57e5	UTF-8	CONVERTED_UTF8_WHITESPACE_NORMALIZED(P0a token-semantic-equal)	2492
Quest_SimpleTalk.xml	<真端根>/Map/XML/Quest_SimpleTalk.xml	7cd509d7b5e4dfea0867c90abde1e5bcd83806c7d14174c9a53791294dc93f5f	retail/Quest_SimpleTalk.xml	fe91c530732c53e56eacc289d3eb45b061ac79796a9c7f889bd60c392efee8ec	UTF-8	CONVERTED_UTF8_WHITESPACE_NORMALIZED(P0a token-semantic-equal)	3152
Quest_SimpleHunt.xml	<真端根>/Map/XML/Quest_SimpleHunt.xml	c6fd9828d7c6f75cb4bcd6cdcced60268affc5f6d96d4dfc1f8aaa36a2af9571	retail/Quest_SimpleHunt.xml	36b1c5980626de56661a234d98f198154017c14c3733f1ab6c155391cc055aaf	UTF-8	CONVERTED_UTF8_WHITESPACE_NORMALIZED(P0a token-semantic-equal)	1863
Quest_CombineTask.xml	<真端根>/Map/XML/Quest_CombineTask.xml	f4af3e797c4984e495409a2ae130ef959ad3fa37d43eb62d41b62847b31608c3	retail/Quest_CombineTask.xml	7e994de9b07564d59640448f831917434f589ce7fcf080fe2aaec584218e8ffc	UTF-8	CONVERTED_UTF8_WHITESPACE_NORMALIZED(P0a token-semantic-equal)	574
Quest_SimpleCollectItem.xml	<真端根>/Map/XML/Quest_SimpleCollectItem.xml	5612a374b5b7901c72fae7cbc7570f337aa0e7dd8d54c2eed3bc29c9b8d800b5	retail/Quest_SimpleCollectItem.xml	8934c2cfafba8324f0af5c80d4214e1bd8ded586b474ac8ee5f140a13df4b7dc	UTF-8	CONVERTED_UTF8_WHITESPACE_NORMALIZED(P0a token-semantic-equal)	262
Quest_SimpleUseItem.xml	<真端根>/Map/XML/Quest_SimpleUseItem.xml	8b4192812fdcb1a41016007249218964a2553e432d3a04f075ae6c382ca70a21	retail/Quest_SimpleUseItem.xml	bd28d7e37ecbf5b2768b070aa44666a38f0107cbaf2f7bc8889cf05405511aff	UTF-8	CONVERTED_UTF8_WHITESPACE_NORMALIZED(P0a token-semantic-equal)	160
Quest_SimpleItemPlay.xml	<真端根>/Map/XML/Quest_SimpleItemPlay.xml	def4640956ad5d9a671b0a857448392c8f1fb2d70898db43460316505aee19bb	retail/Quest_SimpleItemPlay.xml	e3120c09a75a3b2a534190248a2b33640a974431970f029fefb661fdd44353ae	UTF-8	CONVERTED_UTF8_WHITESPACE_NORMALIZED(P0a token-semantic-equal)	43
Quest_SimpleSerialHunt.xml	<真端根>/Map/XML/Quest_SimpleSerialHunt.xml	d4cb9a033b36bf972da27e62d05a03029a0bb7295cc17051e073f6f8f1487e44	retail/Quest_SimpleSerialHunt.xml	75cb924c471b67a64699a9b7eaed5b980b1c533782f1ef36703f25b19b81be55	UTF-8	CONVERTED_UTF8_WHITESPACE_NORMALIZED(P0a token-semantic-equal)	16
